Profession,Link,Tags
Администратор базы данных,https://hh.ru/vacancy/101301821,"['Грамотная речь', 'Коммуникабельность', 'Пользователь ПК', 'Высокая скорость печати']"
Администратор базы данных,https://hh.ru/vacancy/100384772,"['Администрирование баз данных', 'Работа в команде', 'Опытный пользователь ПК', 'Способность работать с документами', 'Опыт работы с клиентами', 'Базы данных', 'Работа в условиях многозадачности', 'Работа в коллективе']"
Администратор базы данных,https://hh.ru/vacancy/81050853,"['MS Excel', 'Телефонные переговоры', 'исходящие звонки', 'Консультирование клиентов по телефону', 'Ориентация на результат']"
Администратор базы данных,https://hh.ru/vacancy/102372347,"['PostgreSQL', 'Clickhouse', 'MySQL', 'Linux']"
ERP-программист,https://hh.ru/vacancy/102132489,"['1С программирование', 'XML', 'ООП', '1С: Предприятие 8', 'Бизнес-анализ', '1C: ERP', 'ERP-системы на базе 1С', 'Базы данных', 'Обновление конфигурации 1С']"
ERP-программист,https://hh.ru/vacancy/97538573,"['1C ERP', 'Моделирование бизнес процессов', 'Удаленная работа', 'Управление проектами', 'ERP-системы на базе 1С', 'Высокий уровень самоорганизации']"
ERP-программист,https://hh.ru/vacancy/102333302,"['1С программирование', 'Оптимизация кода', 'Оптимизация запросов', 'Управленческий учет', '1С: Бухгалтерия', 'Обновление конфигурации 1С']"
Тестировщик программного обеспечения (ПО),https://hh.ru/vacancy/102363641,"['Linux', 'C/C++']"
Тестировщик программного обеспечения (ПО),https://hh.ru/vacancy/102338915,"['Тестирование', 'Jmeter', 'Функциональное тестирование', 'SoapUI', 'Тестирование пользовательского интерфейса', 'Нагрузочное тестирование', 'SQL', 'XML', 'Black box testing', 'Postman', 'Ручное тестирование', 'Selenium IDE', 'JSON', 'QA']"
Тестировщик программного обеспечения (ПО),https://hh.ru/vacancy/90927479,"['Python', 'MS Exchange', 'ActiveDirectory', 'MySQL', 'SQL']"
Тестировщик программного обеспечения (ПО),https://hh.ru/vacancy/102377839,"['QA', 'Jenkins', 'SQL', 'Selenium', 'Selenide', 'REST', 'API', 'Функциональное тестирование']"
Тестировщик программного обеспечения (ПО),https://hh.ru/vacancy/102091263,"['SQL', 'Функциональное тестирование', 'Регрессионное тестирование', 'Тестирование', 'Проведение тестирований', 'Тестирование пользовательского интерфейса', 'Postman']"
Тестировщик программного обеспечения (ПО),https://hh.ru/vacancy/102337377,['Тестирование']
Тестировщик программного обеспечения (ПО),https://hh.ru/vacancy/101324518,"['QA', 'Swagger', 'Тестирование', 'Postman', 'Работа в команде']"
Системный администратор,https://hh.ru/vacancy/100133403,"['Ремонт ПК', 'Настройка ПК', 'Сборка ПК', 'Настройка сетевых подключений', 'Настройка ПО', 'TCP/IP', 'Системы видеонаблюдения', 'Windows 7', 'Windows Xp', 'Прокладка кабелей', 'Работа с клиентами', 'Системный анализ', 'системный администратор', 'Информационные технологии', 'Системное администрирование', 'проектирование СКУД', 'Системный подход', 'Проектирование ЛВС', 'VLAN', 'LAN', 'ВОЛС', 'Автоматизация процессов', 'Локальные сети', 'Сетевые технологии', 'Техническая поддержка', 'Офисная техника', 'Схемотехника электронного оборудования', 'Техническое обслуживание', 'Администрирование', 'Работа с оргтехникой']"
Системный администратор,https://hh.ru/vacancy/101986995,"['Техническая документация', 'Проектная документация', 'Разработка инструкций', 'Разработка проектной документации', 'Разработка технической документации', 'Эксплуатационные документы', 'DevOps', 'Администрирование серверов Linux']"
Системный администратор,https://hh.ru/vacancy/98984005,"['Linux', 'Администрирование сетевого оборудования', 'Настройка ПК', 'Настройка ПО', 'Офисная техника', 'Системное администрирование', 'Администрирование серверов Windows', 'Администрирование серверов Linux', 'Ремонт ПК', 'Сборка ПК', 'Администрирование', 'Техническая поддержка', 'MikroTik', 'Ubuntu Server', 'Обеспечение антивирусной защиты', 'Антивирусная защита сети']"
Системный администратор,https://hh.ru/vacancy/101025551,"['Linux', 'Администрирование серверов Linux', 'Cisco']"
Системный администратор,https://hh.ru/vacancy/101973898,"['1С-Битрикс', '1С: Документооборот', 'Техническая поддержка', 'Администрирование']"
Системный администратор,https://hh.ru/vacancy/102139201,"['Техническая поддержка', 'Active Directory', 'Настройка сетевых подключений']"
Системный администратор,https://hh.ru/vacancy/98352832,"['Работа в условиях многозадачности', 'системный администратор', '1C: Предприятие', 'MS Visio', 'Умение работать в коллективе', 'Стремление к профессиональному росту', 'Хорошая обучаемость', 'Высшее образование', 'Windows Server', 'Linux', 'VMware', 'Citrix', 'GIS', 'ГИС', 'Виртуализация', 'Virtualization', 'ELK', 'Hardware', 'Системное мышление']"
Технический писатель,https://hh.ru/vacancy/101986995,"['Техническая документация', 'Проектная документация', 'Разработка инструкций', 'Разработка проектной документации', 'Разработка технической документации', 'Эксплуатационные документы', 'DevOps', 'Администрирование серверов Linux']"
Технический писатель,https://hh.ru/vacancy/101986996,"['Техническая документация', 'Проектная документация', 'Разработка инструкций', 'Разработка проектной документации', 'Разработка технической документации', 'Эксплуатационные документы', 'DevOps', 'Администрирование серверов Linux']"
Технический писатель,https://hh.ru/vacancy/102251922,"['Agile', 'API', 'SQL', 'Ведение переговоров', 'Бизнес-анализ', 'Аналитическое мышление', 'MS Access', 'Сбор и анализ информации', 'Анализ данных']"
Технический писатель,https://hh.ru/vacancy/97049364,"['PowerPoint', 'MS Office']"
Технический писатель,https://hh.ru/vacancy/101972743,"['MS Visio', 'HTML', 'Разработка технических заданий', 'Тестирование', 'Аудит']"
Технический писатель,https://hh.ru/vacancy/97357608,"['Техническая документация', 'ЕСКД', 'ЕСПД', 'Проектная документация', 'Разработка технических заданий', 'Разработка технической документации']"
Технический писатель,https://hh.ru/vacancy/102379405,"['Разработка технических заданий', 'Техническая документация', 'Ведение документации', 'Разработка инструкций', 'Разработка проектной документации', 'Разработка технической документации', 'Моделирование бизнес процессов', 'Эксплуатационные документы', 'Сбор и анализ информации', 'ГОСТ', 'Разработка регламентов', 'Проектная документация', 'Работа с большим объемом информации']"
Администратор сайта,https://hh.ru/vacancy/101369156,"['MS Excel', 'Внимательность', 'Ответственность', 'Грамотная письменная речь', '1С', 'Исполнительность', 'Пунктуальность', 'Английский язык']"
Администратор сайта,https://hh.ru/vacancy/102384392,"['Администрирование', 'Администрирование сайтов', 'Администрирование серверов Windows', 'Административная поддержка руководителя', 'Навыки межличностного общения', 'Adobe Photoshop', 'Внутренний контроль', 'Умение планировать', 'Исполнение личных поручений руководителя', 'Графические редакторы', 'Управление временем', 'Общественное питание', 'Windows Vista', '1С: Предприятие', 'Настройка сетевых подключений', 'Настройка ПО', 'Ведение переписки', '1С: Предприятие: Розница']"
Администратор сайта,https://hh.ru/vacancy/102093504,"['Администрирование сайтов', 'Google Analytics', 'Яндекс.Метрика', 'Google AdWords', 'PHP']"
Администратор сайта,https://hh.ru/vacancy/100084697,"['Adobe Photoshop', 'Графические редакторы', 'SEO оптимизация', 'Яндекс.Директ', 'Продвижение сайтов', 'HTML', 'Социальные сети', 'Наполнение контентом', 'Деловая переписка', 'Поисковые системы', 'Администрирование сайтов', '1С-Битрикс', '1С: Комплексная автоматизация']"
Администратор сайта,https://hh.ru/vacancy/100353620,"['Наполнение контентом', 'Написание текстов', 'Администрирование сайтов']"
Администратор сайта,https://hh.ru/vacancy/100316875,"['Adobe Photoshop', 'Наполнение контентом', 'SMM', 'Администрирование сайтов', 'Управление интернет-проектами', 'Internet Marketing']"
Администратор сайта,https://hh.ru/vacancy/101280645,"['Креативность', 'Работа с большим объемом информации', 'Навыки межличностного общения', 'Высокая скорость печати', 'Пользователь ПК', 'Работа в команде', 'Грамотная речь']"
Бизнес-аналитик ,https://hh.ru/vacancy/102305874,['Бизнес-анализ']
Бизнес-аналитик ,https://hh.ru/vacancy/102045107,"['SQL', 'MS PowerPoint', 'MS SQL', 'MS Access', 'ETL', 'Базы данных', 'Работа с базами данных', 'Анализ данных', 'Data warehouse', 'DWH']"
Бизнес-аналитик ,https://hh.ru/vacancy/102135387,"['SQL', 'Power BI', 'Работа с базами данных']"
Бизнес-аналитик ,https://hh.ru/vacancy/101372053,"['Бизнес-анализ', 'Подготовка презентаций', 'Аналитическое мышление']"
Бизнес-аналитик ,https://hh.ru/vacancy/102380016,"['SQL', 'Postman', 'CRM', 'MS Excel', 'MS PowerPoint']"
Специалист по информационной безопасности,https://hh.ru/vacancy/102062646,"['Информационные технологии', 'Технические средства информационной защиты', 'Технические системы и средства безопасности', 'Разработка инструкций', 'Информационная безопасность', 'Деловая коммуникация']"
Специалист по информационной безопасности,https://hh.ru/vacancy/102390482,"['Организаторские навыки', 'Информационные технологии', 'Работа в команде']"
Специалист по информационной безопасности,https://hh.ru/vacancy/98422878,"['TCP/IP', 'LDAP', 'DNS', 'IPSec', 'SSL']"
Специалист по информационной безопасности,https://hh.ru/vacancy/101756967,"['Информационная безопасность', 'Информационные технологии', 'Lotus']"
Веб-программист,https://hh.ru/vacancy/101581577,"['Google Analytics', 'Google AdWords', 'WEB аналитика', 'MyTarget']"
Веб-программист,https://hh.ru/vacancy/100742804,['Разработка сайтов']
Веб-программист,https://hh.ru/vacancy/102120016,"['HTML', 'Git', 'JavaScript', 'jQuery', 'PHP', 'CSS3', 'Vue.js']"
Веб-программист,https://hh.ru/vacancy/101319173,"['HTML', 'PHP', 'CSS']"
Веб-программист,https://hh.ru/vacancy/101421540,"['HTML', 'Joomla CMS', 'CSS', 'Adobe Photoshop', 'PHP']"
Веб-программист,https://hh.ru/vacancy/100339471,"['Figma', 'HTML', 'Adobe Photoshop', 'CSS3', 'Bootstrap', 'PHP', 'JavaScript', 'CMS Wordpress', '1С-Битрикс']"
Веб-программист,https://hh.ru/vacancy/102339641,"['JavaScript', 'jQuery', 'PHP', 'MySQL', 'HTML']"
Программист,https://hh.ru/vacancy/100558715,"['Деловая коммуникация', 'Работа в команде', 'B2B Продажи', 'B2C продажи', 'B2G продажи', 'Тендеры', 'Участие в Тендерах', 'Ведение переговоров', 'Телефонные переговоры', 'Навыки продаж', 'Поиск и привлечение клиентов']"
Программист,https://hh.ru/vacancy/102376887,"['C#', 'SQL', 'ELMA']"
Программист,https://hh.ru/vacancy/102392825,"['SQL', 'Разработка инструкций', 'MS Access', 'Многозадачность', 'Организация рабочего процесса']"
Программист 1С,https://hh.ru/vacancy/98498373,"['1С программирование', '1С: Управление Производственным Предприятием', 'Оптимизация бизнес-процессов', 'MS SQL', 'Интеграции']"
Программист 1С,https://hh.ru/vacancy/96497308,"['1С программирование', '1С: Управление Производственным Предприятием', '1С-Битрикс', 'SQL', '1С: Комплексная автоматизация', 'Разработка инструкций', '1С: Управление предприятием']"
Программист 1С,https://hh.ru/vacancy/102380043,"['1С программирование', 'HTML', '1С: Предприятие 8', 'MySQL', 'ООП']"
Программист 1С,https://hh.ru/vacancy/96435253,"['1С: Предприятие 8', '1С программирование', 'Аналитическое мышление', 'ERP-системы на базе 1С', 'SQL', 'JavaScript', 'Java', 'Git', 'HTML', 'MS SQL']"
Системный программист,https://hh.ru/vacancy/100101734,"['Linux', 'x86', 'QEMU', 'ARM', 'Verilog HDL', 'RTL', 'FPGA', 'Embedded']"
Системный программист,https://hh.ru/vacancy/98490847,"['ORACLE', 'СУБД', 'SQL', 'API', 'SOAP', 'REST', 'XML', 'JSON API', 'UML', 'BPMN']"
Системный программист,https://hh.ru/vacancy/94393784,"['C', 'RTL', 'Verilog HDL', 'Linux', 'x86', 'ARM']"
Системный программист,https://hh.ru/vacancy/100707234,"['Linux', 'TCP/IP', 'UDP', 'Английский язык', 'Modbus']"
Системный программист,https://hh.ru/vacancy/102392641,"['Системное мышление', 'Моделирование бизнес процессов', 'Системный анализ', '1С', 'Scrum', 'Бизнес-анализ', 'Разработка технических заданий']"
Системный программист,https://hh.ru/vacancy/93232498,"['Linux', 'Windows Os', 'Продвинутый пользователь ПК', 'Модель OSI']"
Системный программист,https://hh.ru/vacancy/102078419,"['Git', 'Linux', 'Bash', 'SQL', 'Python', 'TCP/IP', 'IPTables']"
ERP-консультант,https://hh.ru/vacancy/93889453,"['Грамотная речь', '1С: Управление предприятием', 'Знание 1С', '1C: Предприятие', 'Работа в условиях многозадачности']"
ERP-консультант,https://hh.ru/vacancy/99691741,['SAP']
ERP-консультант,https://hh.ru/vacancy/99821283,"['Дружелюбность', 'Многозадачность', 'Дружелюбие', 'Умение слушать', 'Быстро учусь', 'Офисные программы', 'ERP-системы на базе 1С', 'Моделирование бизнес процессов', '1C: Бухгалтерия', '1C: Зарплата и кадры', 'ERP', '1С: Управление предприятием', '1С: Предприятие 8', 'Аналитическое мышление', 'Грамотная речь', 'Работа в команде', '1С: Управление Торговлей', '1С: Управление Производственным Предприятием']"
ERP-консультант,https://hh.ru/vacancy/102375902,"['ERP', 'ERP-системы на базе 1С', 'Бизнес-анализ', 'Постановка задач разработчикам', 'Retail']"
ERP-консультант,https://hh.ru/vacancy/95862299,"['ERP-системы на базе 1С', 'Постановка задач разработчикам', 'Разработка технических заданий', 'Проведение тестирований', '1С: Комплексная автоматизация']"
ERP-консультант,https://hh.ru/vacancy/100386175,"['1С программирование', '1С: Бухгалтерия', '1С: Предприятие 8', '1С: Зарплата и управление персоналом', '1С: Управление Торговлей', '1С: Управление Производственным Предприятием', '1С: Торговля', '1С разработка', 'ERP-системы на базе 1С', 'Управленческий учет', 'Аналитическое мышление']"
ERP-консультант,https://hh.ru/vacancy/102345669,"['1С: Предприятие 8', 'ERP-системы на базе 1С', 'Разработка инструкций', 'Постановка задач разработчикам']"
ERP-консультант,https://hh.ru/vacancy/102344614,"['1С: Предприятие 8', '1С программирование', 'ERP-системы на базе 1С', 'Постановка задач разработчикам', 'Разработка технических заданий', 'Разработка инструкций']"
ERP-консультант,https://hh.ru/vacancy/101693665,"['ERP', 'удаленная работа', '1С']"
Корпоративный архитектор,https://hh.ru/vacancy/99011384,"['Проектирование зданий и сооружений', 'Архитектура', 'Ведение документации', 'Умение работать в коллективе']"
Корпоративный архитектор,https://hh.ru/vacancy/97454741,"['SQL', 'Работа с базами данных', 'MDM', 'НСИ', 'Docker', 'CI/CD']"
Корпоративный архитектор,https://hh.ru/vacancy/99388036,"['Активные продажи', 'Прямые продажи', 'Планирование продаж', 'Консультирование клиентов', 'Ориентация на результат', 'Клиентоориентированность', 'Ответственность', 'Деловое общение', 'Навыки продаж', 'Заключение договоров']"
Корпоративный архитектор,https://hh.ru/vacancy/102374180,"['Английский язык', 'SQL', 'C#', 'Vue.js', 'MS SQL']"
Корпоративный архитектор,https://hh.ru/vacancy/100376464,"['Adobe Photoshop', 'Креативность', 'ArchiCAD', 'Дизайн', 'Художественный вкус', 'Проектирование', 'Архитектура', 'Autodesk Revit', 'Разработка концепции']"
Корпоративный архитектор,https://hh.ru/vacancy/95993923,"['Autodesk Revit', 'Проектирование зданий и сооружений', 'Разработка концепции', 'Архитектурная деятельность', 'Проектирование', 'Архитектура', 'Дизайн', 'Визуализация', 'Дизайн интерьера', 'BIM']"
QA-инженер,https://hh.ru/vacancy/81886136,"['SQL', 'Тестирование', 'Jmeter', 'Java', 'C#', 'Python', 'Selenium IDE', 'REST']"
QA-инженер,https://hh.ru/vacancy/98484212,"['Функциональное тестирование', 'Регрессионное тестирование', 'Postman', 'SQL', 'Git', 'Atlassian Jira', 'Atlassian Confluence', 'Redmine']"
QA-инженер,https://hh.ru/vacancy/100087501,"['Scrum', 'Тестирование', 'QA', 'Умение принимать решения', 'Широкий кругозор', 'Любознательность']"
QA-инженер,https://hh.ru/vacancy/102354303,"['SQL', 'Atlassian Jira', 'Java', 'Atlassian Confluence', 'Git', 'Test case', 'Тестирование', 'Регресcионное тестирование', 'Нагрузочное тестирование', 'Функциональное тестирование', 'Тестирование пользовательского интерфейса']"
QA-инженер,https://hh.ru/vacancy/98791630,"['Тестирование', 'SQL', 'Chrome DevTools']"
QA-инженер,https://hh.ru/vacancy/88203143,"['Java', 'Kotlin', 'Android', 'Android SDK', 'Apache Maven']"
QA-инженер,https://hh.ru/vacancy/88202972,"['Тестирование', 'Функциональное тестирование', 'Автоматизированное тестирование', 'Java']"
SEO-специалист,https://hh.ru/vacancy/101986835,"['Немецкий язык', 'SEO оптимизация', 'Интернет маркетинг', 'Внешняя оптимизация сайта', 'внутренний аудит сайта', 'внешний аудит сайта', 'Продвижение сайтов', 'Веб-программирование', 'Лидогенерация', 'Поисковая оптимизация сайтов']"
SEO-специалист,https://hh.ru/vacancy/102130604,"['SEO', 'HTML', 'Google Analytics']"
SEO-специалист,https://hh.ru/vacancy/100402725,"['Обучение персонала', 'Работа с большим объемом информации', 'SEO']"
SEO-специалист,https://hh.ru/vacancy/101960534,"['SEO оптимизация', 'Google Analytics', 'SEO-копирайтинг', 'SEO', 'CMS Wordpress', 'Joomla CMS', 'HTML', 'Аудит поисковой видимости сайта', 'Wordpress']"
SEO-специалист,https://hh.ru/vacancy/102378402,"['внутренний аудит сайта', 'Поисковые системы', 'Google Analytics', 'Яндекс.Метрика', 'Составление семантического ядра', 'Внутренняя оптимизация сайта', 'Аудит поисковой видимости сайта', 'Продвижение сайтов']"
Data Scientist,https://hh.ru/vacancy/101759943,"['Python', 'PyTorch', 'Keras', 'Математический анализ']"
Data Scientist,https://hh.ru/vacancy/101766661,"['Data Science', 'Python', 'SQL', 'Аналитические исследования', 'Базы данных']"
Data Scientist,https://hh.ru/vacancy/102367569,"['Data Science', 'Machine Learning', 'Математическое моделирование', 'Прогнозирование', 'Математическая статистика', 'Python', 'Машинное обучение']"
Data Scientist,https://hh.ru/vacancy/100718522,"['Data Scientist', 'Python', 'SQL', 'Spark']"
Data Scientist,https://hh.ru/vacancy/89237775,"['Python', 'ML', 'СУБД', 'Linux']"
Data Scientist,https://hh.ru/vacancy/100691966,"['Data science', 'Machine learning', 'Python', 'Numpy', 'Pandas', 'Matplotlib', 'Seaborn', 'Clickhouse', 'PostgreSQL', 'Git', 'TensorFlow', 'Keras', 'PyTorch']"
Data Scientist,https://hh.ru/vacancy/102371155,"['Python', 'Математическая статистика', 'Data Analysis', 'Обучение и развитие', 'Базы данных', 'Аналитическое мышление', 'PyTorch', 'Linux', 'ML']"
Data Scientist,https://hh.ru/vacancy/100077910,"['Python', 'SQL', 'Обучение и развитие', 'Data Mining', 'Английский язык', 'Бизнес-анализ', 'Аналитика', 'MS SQL', 'Data Analysis', 'Linux', 'Data Scientist', 'QlikView', 'Статистический анализ', 'Big Data', 'DataLens', 'Hadoop', 'Spark', 'PostgreSQL']"
Frontend разработчик,https://hh.ru/vacancy/102291041,"['JavaScript', 'Git', 'Vue.js', 'CSS', 'TypeScript', 'HTML5', 'Frontend', 'HTML/CSS', 'JS', 'CSS3', 'Less', 'Sass']"
Frontend разработчик,https://hh.ru/vacancy/102308591,"['React', 'JavaScript', 'ES6', 'TypeScript', 'HTML5', 'CSS3', 'REST', 'Git']"
Frontend разработчик,https://hh.ru/vacancy/102306060,"['JavaScript', 'Vue.js', 'Блокчейн', 'Blockchain', 'NFT', 'Exchange', 'Cryptocurrency', 'DeFi', 'Swap', 'Bitcoin', 'Ethereum', 'Tokens', 'ERC-20', 'ERC-721', 'WebSocket', 'GraphQL', 'Web3', 'React', 'CSS3', 'Frontend', 'Sass', 'Vuex', 'VueJS', 'API']"
Frontend разработчик,https://hh.ru/vacancy/101986881,"['JavaScript', 'React', 'HTML', 'CSS', 'JSON', 'Redux', 'TypeScript', 'Webpack', 'Nest.js', 'Git', 'Teamleading', 'Работа в команде', 'Коммуникативные навыки']"
Frontend разработчик,https://hh.ru/vacancy/102083520,"['Node.js', 'React', 'PostgreSQL', 'MariaDB', 'TypeScript', 'Работа в команде']"
Frontend разработчик,https://hh.ru/vacancy/102390287,"['HTML', 'CSS', 'JavaScript', 'Git']"
Frontend разработчик,https://hh.ru/vacancy/101370983,"['Git', 'HTML', 'CSS', 'JavaScript', 'React', 'TypeScript']"
Frontend разработчик,https://hh.ru/vacancy/102389522,"['JavaScript', 'TypeScript', 'HTTP', 'Node.js']"
Backend разработчик,https://hh.ru/vacancy/102300362,"['Golang', 'Go', 'REST API', 'HTTP', 'Docker', 'RabbitMQ', 'Backend', 'WebSockets', 'SQL', 'Unix', 'Git', 'Linux', 'PostgreSQL', 'Базы данных', 'Redis', 'Nginx', 'gRPC']"
Backend разработчик,https://hh.ru/vacancy/100100724,"['MySQL', 'PHP', 'Laravel', 'Fintech', 'Backend', 'Оптимизация кода', 'Оптимизация процессов', 'Redis', 'Docker', 'Symfony', 'SOLID', 'Frontend', 'MongoDB', 'Clickhouse', 'Elasticsearch', 'Yii', 'Linux', 'Vue', 'React.js', 'Kafka', 'RabbitMQ', 'PostgreSQL']"
Backend разработчик,https://hh.ru/vacancy/102083520,"['Node.js', 'React', 'PostgreSQL', 'MariaDB', 'TypeScript', 'Работа в команде']"
Backend разработчик,https://hh.ru/vacancy/101748360,"['PHP', 'MySQL', 'Symfony', 'Composer', 'JS', 'CSS', 'HTML', 'Git']"
Backend разработчик,https://hh.ru/vacancy/100735604,"['PostgreSQL', 'SQL', 'Docker', 'JavaScript', 'HTML', 'MS SQL', 'TypeScript', 'Backend', 'Vue.js', 'JS', 'Node.js', 'Git']"
Backend разработчик,https://hh.ru/vacancy/102348258,"['PHP', 'MySQL', 'Framework', 'HTML', 'CSS', 'JS', 'Jetbrains Phpstorm', 'Соблюдение дедлайнов', 'Работа в команде']"
Backend разработчик,https://hh.ru/vacancy/102344739,"['Golang', 'Linux', 'gRPC', 'PostgreSQL', 'MongoDB', 'RabbitMQ', 'Docker']"
Мобильный разработчик,https://hh.ru/vacancy/101521695,"['Kotlin', 'Swift', 'iOS', 'Android', 'ООП']"
Мобильный разработчик,https://hh.ru/vacancy/102366320,"['Работа в графических редакторах', 'Git', 'Xamarin', 'C#', 'WPF', 'Adobe Photoshop']"
Мобильный разработчик,https://hh.ru/vacancy/100075193,"['JavaScript', 'TypeScript', 'React Native', 'React', 'Git', 'REST API']"
Мобильный разработчик,https://hh.ru/vacancy/102351746,"['C#', 'PostgreSQL', 'Android', 'MS SQL', '.NET Core', '.NET Framework', 'WPF', 'EF Core', 'Git']"
Мобильный разработчик,https://hh.ru/vacancy/101730378,"['Kotlin', 'Flutter', 'Dart', 'Core ML']"
Мобильный разработчик,https://hh.ru/vacancy/101247170,"['Redux', 'React', 'Git', 'JavaScript', 'Android', 'react native', 'typescript', 'MobX']"
Мобильный разработчик,https://hh.ru/vacancy/100049548,"['it', 'торговая площадка']"
Веб-аналитик,https://hh.ru/vacancy/100385214,"['Google Tag Manager', 'Google Analytics', 'Яндекс.Метрика', 'Яндекс.Директ', 'Power Query', 'Data Studio', 'Power BI']"
Веб-аналитик,https://hh.ru/vacancy/102368637,"['Анализ бизнес показателей', 'Бизнес-анализ', 'Системный анализ', 'WEB аналитика', 'Веб-аналитика', 'Сбор и анализ информации', 'Работа с системами аналитики', 'Системный подход']"
Веб-аналитик,https://hh.ru/vacancy/101744657,"['WEB аналитика', 'Google Analytics', 'Яндекс.Метрика']"
Веб-аналитик,https://hh.ru/vacancy/101744658,"['WEB аналитика', 'Google Analytics', 'Яндекс.Метрика']"
Веб-аналитик,https://hh.ru/vacancy/101744659,"['WEB аналитика', 'Google Analytics', 'Яндекс.Метрика']"
Веб-аналитик,https://hh.ru/vacancy/102340638,"['SQL', 'Веб-аналитика', 'Яндекс.Метрика', 'Google Analytics']"
Веб-аналитик,https://hh.ru/vacancy/102340639,"['SQL', 'Веб-аналитика', 'Яндекс.Метрика', 'Google Analytics']"
Веб-аналитик,https://hh.ru/vacancy/102336431,"['SQL', 'Сбор и анализ информации', 'Atlassian Confluence', 'Анализ бизнес показателей', 'Маркетинговый анализ', 'Базы данных', 'Atlassian Jira', 'Аналитическое мышление', 'Python', 'Работа с большим объемом информации', 'Работа с базами данных']"
Специалист по информационным ресурсам,https://hh.ru/vacancy/89752631,"['Грамотная речь', 'Работа в команде', 'Обучение и развитие', 'Клиентоориентированность', 'Работа с большим объемом информации', 'Поддержка пользователей']"
Специалист по информационным ресурсам,https://hh.ru/vacancy/99564782,"['Грамотная речь', 'Работа в команде', 'Работа с большим объемом информации', 'Обучение и развитие', 'Поддержка пользователей', 'Клиентоориентированность']"
Специалист по информационным ресурсам,https://hh.ru/vacancy/100351826,"['Грамотная речь', 'Работа в команде', 'Грамотность', 'Работа с большим объемом информации', 'Поддержка пользователей']"
Специалист по информационным ресурсам,https://hh.ru/vacancy/101312142,"['Опытный пользователь ПК', 'MS PowerPoint', 'CorelDRAW', 'Adobe Photoshop']"
Дизайнер интерфейсов,https://hh.ru/vacancy/92366193,"['Figma', 'API', 'Техническая документация', 'UX/UI', 'UX', 'UI', 'MS Office']"
Дизайнер интерфейсов,https://hh.ru/vacancy/102130594,"['Figma', 'Web-дизайн', 'Прототипирование', 'Design']"
Дизайнер интерфейсов,https://hh.ru/vacancy/95472252,"['Figma', 'Adobe Photoshop', 'Adobe Illustrator']"
Дизайнер интерфейсов,https://hh.ru/vacancy/101758810,"['UX', 'UI', 'Дизайн интерфейсов', 'Web-дизайн', 'Figma', 'Прототипирование', 'Проектирование пользовательских интерфейсов', 'Разработка концепции', 'Креативность', 'Навыки презентации', 'Английский язык', 'Тестирование пользовательского интерфейса']"
Дизайнер интерфейсов,https://hh.ru/vacancy/101756312,"['Figma', 'UI/UX', 'Design', 'Adobe Photoshop', 'Web-дизайн', 'Web Design', 'Дизайн интерфейсов', 'Веб-дизайн', 'Графический дизайн', 'Дизайн', 'Проектирование пользовательских интерфейсов', 'Adobe Illustrator', 'Креативность', 'SMM', 'Adobe Premier Pro', 'Обработка видео', 'Графические редакторы', 'Adobe After Effect']"
Дизайнер интерфейсов,https://hh.ru/vacancy/102374958,"['UX', 'UI', 'Web-дизайн', 'Adobe Photoshop', 'HTML5', 'Figma', 'Дизайн', 'HTML']"
Системный инженер,https://hh.ru/vacancy/99741054,"['Linux', 'PostgreSQL', 'CentOS', 'Администрирование серверов Linux', 'Техническая документация', 'Разработка инструкций', 'Разработка проектной документации']"
Системный инженер,https://hh.ru/vacancy/100730364,"['Администрирование сетевого оборудования', 'Администрирование серверов Windows', 'Active Directory', 'Настройка серверов', 'Информационная безопасность', 'Администрирование серверов']"
Системный инженер,https://hh.ru/vacancy/101354423,"['Linux', 'TCP/IP', 'VMware', 'KVM', 'LAN']"
Системный инженер,https://hh.ru/vacancy/102106044,"['Linux', 'Docker', 'DevOps', 'Nginx', 'Azure']"
Системный инженер,https://hh.ru/vacancy/102359232,"['Ansible', 'Puppet', 'Linux', 'vSphere', 'vCenter', 'ESXi', 'VMware']"
Системный инженер,https://hh.ru/vacancy/100330471,"['Администрирование сетевого оборудования', 'Настройка ПО', 'Настройка ПК', 'Настройка почтовых серверов', 'Настройка сетевых подключений', 'Администрирование серверов Linux', 'Администрирование серверов Windows', 'Информационные технологии', 'Коммуникабельность', 'Клиентоориентированность', 'Работа в команде']"
Системный инженер,https://hh.ru/vacancy/97042660,"['Администрирование серверов Windows', 'SQL Server', 'VMware', 'Hyper-V']"
Gamedev (разработчик игр),https://hh.ru/vacancy/100349218,"['Разработка', 'Perl']"
Gamedev (разработчик игр),https://hh.ru/vacancy/100745292,"['Figma', 'Adobe Photoshop', 'UI/UX']"
Gamedev (разработчик игр),https://hh.ru/vacancy/98313774,"['Python', 'C/C++']"
Gamedev (разработчик игр),https://hh.ru/vacancy/101319223,"['UX', 'UI']"
Gamedev (разработчик игр),https://hh.ru/vacancy/102358444,"['JavaScript', 'HTML', 'CSS', 'Node.js', 'Linux', 'HTML5', 'Git', 'Разработка компьютерных Игр', 'PixiJS', 'PHP', 'SQL', 'Yii2', 'PostgreSQL', 'Redis']"
Gamedev (разработчик игр),https://hh.ru/vacancy/102290238,"['Android', 'Функциональное тестирование', 'Test case', 'QA', 'Ручное тестирование', 'Gamedev', 'Unity', 'iOS']"
Gamedev (разработчик игр),https://hh.ru/vacancy/102357219,"['ZBrush', 'Blender 3D', '3D Max', '3D Моделирование']"
Gamedev (разработчик игр),https://hh.ru/vacancy/97968520,"['Project management', 'Оптимизация бизнес-процессов', 'Управление временем', 'Leadership Skills']"
Gamedev (разработчик игр),https://hh.ru/vacancy/102278024,"['Unity', 'Управление проектами', 'Постановка задач разработчикам', 'A/B тесты', 'Gamedev', 'Game Design', 'Аналитическое мышление', 'Разработка компьютерных Игр', 'Навыки коммуникации']"
Gamedev (разработчик игр),https://hh.ru/vacancy/101425824,['QA']
Сетевой администратор,https://hh.ru/vacancy/101996554,"['Linux', 'OSPF']"
Сетевой администратор,https://hh.ru/vacancy/101996555,"['Linux', 'OSPF']"
Сетевой администратор,https://hh.ru/vacancy/100104712,"['CCNA', 'FreeBSD', 'Linux', 'BGP', 'OSPF', 'Mikrotik', 'Zabbix', 'VLAN', 'Cisco', 'Настройка DNS', 'NAT', 'ACL', 'L2 VPN', 'L3 VPN', 'QoS']"
Сетевой администратор,https://hh.ru/vacancy/101501227,"['Администрирование сетевого оборудования', 'Cisco', 'сетевой администратор']"
Сетевой администратор,https://hh.ru/vacancy/102379925,"['TCP/IP', 'Cisco', 'Juniper', 'Zabbix', 'BGP', 'OSPF']"
Разработчик БД (баз данных),https://hh.ru/vacancy/101653178,"['PostgreSQL', 'PostGIS', 'Python', 'Git', 'pandas']"
Разработчик БД (баз данных),https://hh.ru/vacancy/101756494,"['SQL', 'PostgreSQL', 'СУБД', 'Работа с базами данных', 'OLTP']"
Разработчик БД (баз данных),https://hh.ru/vacancy/101828185,"['SQL', 'Разработка технических заданий', 'Бизнес-анализ', 'MS Visio', 'Английский язык']"
Разработчик БД (баз данных),https://hh.ru/vacancy/102371483,"['Linux', 'PostgreSQL', 'SQL', 'Администрирование', 'MS SQL Server']"
Разработчик БД (баз данных),https://hh.ru/vacancy/101277003,"['PostgreSQL', 'Базы данных', 'СУБД', 'SQL', 'Работа с базами данных', 'Системный анализ', 'Аналитика']"
Разработчик БД (баз данных),https://hh.ru/vacancy/102372347,"['PostgreSQL', 'Clickhouse', 'MySQL', 'Linux']"
Разработчик БД (баз данных),https://hh.ru/vacancy/102372146,"['PostgreSQL', 'Clickhouse', 'MySQL', 'Linux']"
Разработчик БД (баз данных),https://hh.ru/vacancy/102305313,"['PostgreSQL', 'Clickhouse', 'Git', 'ETL']"
Embedded-программист,https://hh.ru/vacancy/100101760,"['Linux', 'x86', 'Python', 'embedded', 'firmware', 'RTOS', 'SoC']"
Embedded-программист,https://hh.ru/vacancy/100734335,"['Rust', 'Linux', 'Git']"
Embedded-программист,https://hh.ru/vacancy/102348735,"['AVR', 'Английский язык', 'C/C++', 'Схемотехника электронного оборудования', 'ARM', 'MongoDB', 'Git', 'STM32', 'REST', 'HTTP']"
Embedded-программист,https://hh.ru/vacancy/95676937,"['STM32', 'LoRaWAN', 'NB-IoT', 'IoT', 'Программирование микроконтроллеров', 'GSM', 'Wi-Fi', 'I2C', 'FreeRTOS', 'Python', 'Git', 'C/C++']"
Embedded-программист,https://hh.ru/vacancy/99681159,"['C/C++', 'Программирование', 'АСУ ТП', 'Автоматизация', 'АСУТП', 'АСУ']"
Embedded-программист,https://hh.ru/vacancy/101917023,"['Embedded', 'C/C++', 'UART', 'SPI', 'I2C', 'CAN', 'Git', 'Linux']"
Embedded-программист,https://hh.ru/vacancy/101924977,['C/C++']
Архитектор баз данных,https://hh.ru/vacancy/102345124,"['NoSQL', 'Java', 'MySQL', 'PostgreSQL', 'BPMN', 'CI/CD']"
Архитектор баз данных,https://hh.ru/vacancy/96500668,"['agile', 'SQL', 'Kafka', 'NoSQL', 'JSON API', 'MSA', 'Kubernetes']"
Архитектор баз данных,https://hh.ru/vacancy/100403398,"['Системный анализ', 'UML']"
Архитектор баз данных,https://hh.ru/vacancy/99577000,"['Java', 'Docker', 'PostgreSQL', 'Elasticsearch', 'Kafka', 'Archimate']"
Архитектор баз данных,https://hh.ru/vacancy/78527553,"['PostgreSQL', 'Architecture']"
Программист PHP,https://hh.ru/vacancy/102362283,"['PHP', 'SQL', 'Laravel', 'Git', 'Trello']"
Программист PHP,https://hh.ru/vacancy/102337448,"['DevOps', 'SRE', 'CI/CD']"
Программист PHP,https://hh.ru/vacancy/88186525,"['PHP', 'MySQL', 'Docker', 'Yii2', 'RabbitMQ', 'Redis']"
Программист PHP,https://hh.ru/vacancy/100417395,"['Typescript', 'PHP', 'MySQL', 'Git', 'JavaScript', 'Yii', 'jQuery', 'HTML', 'Bootstrap', 'MVC']"
Программист PHP,https://hh.ru/vacancy/100995251,"['Yii', 'PHP']"
Программист PHP,https://hh.ru/vacancy/101954761,"['PHP', 'ООП', 'SQL', 'PostgreSQL', 'Ext JS', 'CRM']"
Программист PHP,https://hh.ru/vacancy/101951370,"['MySQL', 'PHP', 'HTML', 'БД', 'CSS', 'JavaScript', 'jQuery', 'ООП', 'Тестирование']"
Программист Ruby,https://hh.ru/vacancy/100103764,"['Ruby', 'Ruby On Rails', 'JavaScript', 'Git', 'MySQL', 'jQuery', 'Ajax', 'SQL', 'PostgreSQL', 'Nginx', 'Администрирование серверов Linux', 'Apache HTTP Server', 'Linux', 'HTML', 'Redmine']"
Программист Ruby,https://hh.ru/vacancy/102119610,['Ruby']
Программист Ruby,https://hh.ru/vacancy/99706355,"['PostgreSQL', 'Linux', 'Ruby', 'Golang']"
Программист Ruby,https://hh.ru/vacancy/100735260,"['Ruby', 'Ruby On Rails']"
Программист Ruby,https://hh.ru/vacancy/94279731,"['PostgreSQL', 'Ruby On Rails', 'Ruby', 'Docker']"
Программист Ruby,https://hh.ru/vacancy/102265666,"['Ruby On Rails', 'JavaScript', 'Mac Os', 'Git', 'Linux', 'Ruby', 'MySQL', 'HTML5', 'jQuery', 'SQL']"
Программист Ruby,https://hh.ru/vacancy/102267493,"['Ruby On Rails', 'Ruby', 'Базы данных', 'REST', 'PostgreSQL', 'MongoDB']"
Программист Ruby,https://hh.ru/vacancy/90272219,"['Ruby', 'Ruby On Rails', 'RSpec', 'ООП', 'SOLID', 'Docker']"
Программист Ruby,https://hh.ru/vacancy/99980169,"['Ruby', 'Ruby On Rails', 'PostgreSQL', 'Ajax', 'React', 'VueJS']"
Программист Java,https://hh.ru/vacancy/102207160,['Java']
Программист Java,https://hh.ru/vacancy/97633171,"['Spring Boot', 'ORACLE', 'PostgreSQL', 'Liquibase', 'JMS', 'Docker', 'Kubernetes', 'Apache Camel']"
Программист Java,https://hh.ru/vacancy/100101770,"['Linux', 'AOSP', 'RISC-V', 'Linux kernel', 'Embedded Linux', 'RTOS']"
Программист Java,https://hh.ru/vacancy/102389126,['Java']
Программист Java,https://hh.ru/vacancy/98683057,['Java']
Программист Java,https://hh.ru/vacancy/102383270,"['Java', 'REST', 'Spring Framework', 'Kafka', 'PostgreSQL', 'SOLID']"
Программист Java,https://hh.ru/vacancy/102383271,"['Java', 'REST', 'Spring Framework', 'Kafka', 'PostgreSQL', 'SOLID']"
Android-разработчик,https://hh.ru/vacancy/101932213,"['Git', 'Java', 'MySQL', 'Android SDK', 'Android', 'Atlassian Jira', 'MVC']"
Android-разработчик,https://hh.ru/vacancy/102386639,"['Android', 'SOLID']"
Android-разработчик,https://hh.ru/vacancy/99287551,"['ORACLE', 'SQL', 'FireBase', 'Android', 'Android SDK', 'Room', 'Dagger', 'AndroidX', 'Figma']"
Android-разработчик,https://hh.ru/vacancy/67980377,"['Java', 'Android SDK', 'Kotlin']"
Android-разработчик,https://hh.ru/vacancy/93625418,"['Android', 'Java', 'Kotlin', 'Dagger 2', 'Retrofit', 'Realm', 'MVP', 'Git', 'Android SDK']"
Android-разработчик,https://hh.ru/vacancy/99825271,"['Kotlin', 'Git', 'Android', 'Android SDK', 'ООП']"
Android-разработчик,https://hh.ru/vacancy/102084407,"['Java', 'Android', 'Java SE', 'XML']"
Android-разработчик,https://hh.ru/vacancy/102076869,"['Kotlin', 'Coroutines', 'Flow', 'Git', 'XML', 'Android']"
Android-разработчик,https://hh.ru/vacancy/100689192,"['Kotlin', 'Android SDK', 'REST API', 'Git', 'SQLite']"
Android-разработчик,https://hh.ru/vacancy/100038857,"['Android SDK', 'Android', 'REST', 'JSON API', 'Kotlin', 'Coroutines', 'Паттерны проектирования', 'Jetpack Compose', 'MVP']"
iOS-разработчик,https://hh.ru/vacancy/102385374,"['iOS', 'SOLID']"
iOS-разработчик,https://hh.ru/vacancy/102381288,"['iOS', 'Android']"
iOS-разработчик,https://hh.ru/vacancy/67980553,"['Swift', 'ООП', 'iOS', 'Objective-C', 'Git']"
iOS-разработчик,https://hh.ru/vacancy/92031077,"['Git', 'iOS', 'Swift']"
iOS-разработчик,https://hh.ru/vacancy/100368384,"['Agile', 'iOS', 'Scrum', 'Swift', 'Unit Testing']"
iOS-разработчик,https://hh.ru/vacancy/98350867,"['Swift', 'iOS', 'Git', 'Objective-C', 'MVVM', 'iOS SDK', 'Rest API', 'UI', 'CI/CD', 'Unit Testing']"
iOS-разработчик,https://hh.ru/vacancy/98350191,"['iOS', 'Swift', 'Git', 'MVVM', 'MVC', 'REST API']"
iOS-разработчик,https://hh.ru/vacancy/101352960,"['iOS', 'CI/CD', 'UI', 'UX', 'Unit Testing', 'SOLID']"
Программист C#,https://hh.ru/vacancy/94386690,"['Linux', 'C', 'UEFI', 'OpenBMC', 'x86', 'C++', 'Python']"
Программист C#,https://hh.ru/vacancy/100558715,"['Деловая коммуникация', 'Работа в команде', 'B2B Продажи', 'B2C продажи', 'B2G продажи', 'Тендеры', 'Участие в Тендерах', 'Ведение переговоров', 'Телефонные переговоры', 'Навыки продаж', 'Поиск и привлечение клиентов']"
Программист C#,https://hh.ru/vacancy/102160807,"['1С программирование', '1С: Предприятие 8', 'Администрирование сетевого оборудования', '1С: Управление Торговлей', '1С: Комплексная автоматизация', '1С: Торговля и склад', 'Автоматизация', 'Контроль исправности оборудования', 'Подключение торгового оборудования к 1С', '1С: Розница', '1С: Предприятие: Розница', 'Администрирование', 'Обновление конфигурации 1С']"
Программист C#,https://hh.ru/vacancy/102131066,"['Обновление конфигурации 1С', '1С программирование', '1С: Предприятие 8', 'SQL', 'Техническая поддержка', 'Windows 7']"
Программист C#,https://hh.ru/vacancy/102131129,"['1С: Предприятие 8', 'Пользователь ПК', 'Знание 1С']"
Программист C#,https://hh.ru/vacancy/102381725,"['1С: Бухгалтерия', '1С: Управление Торговлей', 'Бухгалтерский учет', '1С программирование', 'Atlassian Jira', 'Web', 'Умение работать в условиях многозадачности']"
Программист Python,https://hh.ru/vacancy/94393784,"['C', 'RTL', 'Verilog HDL', 'Linux', 'x86', 'ARM']"
Программист Python,https://hh.ru/vacancy/102364926,"['Python', 'SQL', 'Flask', 'REST API']"
Программист Python,https://hh.ru/vacancy/102376188,"['Python', 'FastAPI', 'SQL', 'Django', 'REST API']"
Программист Python,https://hh.ru/vacancy/102370616,"['Python', 'Redis', 'Git', 'Linux', 'MySQL']"
Программист Python,https://hh.ru/vacancy/100345235,"['HTML5', 'Веб-программирование', 'программист', 'Обучение', 'React', 'Django', 'HTTP']"
Программист Swift,https://hh.ru/vacancy/101732105,"['JavaScript', 'TypeScript', 'React', 'React Native', 'HTML', 'CSS', 'Node.js', 'GraphQL', 'API', 'MySQL', 'Vue.js', 'Apollo', 'Webpack', 'Адаптивная верстка']"
Программист Swift,https://hh.ru/vacancy/102251467,"['iOS', 'Swift']"
Программист Swift,https://hh.ru/vacancy/102385374,"['iOS', 'SOLID']"
Программист Swift,https://hh.ru/vacancy/101369764,"['MVC', 'MVVM', 'UX', 'UI', 'Swift', 'Kotlin', 'Firebase', 'Git', 'REST API']"
Программист Swift,https://hh.ru/vacancy/102381288,"['iOS', 'Android']"
Программист Swift,https://hh.ru/vacancy/101730029,"['Flutter', 'REST', 'REST API', 'SOLID', 'Swift', 'Firebase', 'Git', 'HTTP', 'iOS']"
Программист Swift,https://hh.ru/vacancy/92031077,"['Git', 'iOS', 'Swift']"
Программист Swift,https://hh.ru/vacancy/99804527,"['iOS', 'Swift']"
Программист Swift,https://hh.ru/vacancy/99804407,"['iOS', 'Swift']"
Архитектор информационных систем,https://hh.ru/vacancy/102070848,"['PLM', 'PDM', 'Teamcenter', 'CAD', 'NX', 'Разработка технических заданий']"
Архитектор информационных систем,https://hh.ru/vacancy/99861085,"['CCNA', 'CCNP', 'ГОСТ 34', 'Внедрение систем информационной безопасности', 'Информационная безопасность', 'Cisco', 'FortiNet', 'Kaspersky Labs', 'Проектная документация', 'Разработка проектной документации']"
Программист C++,https://hh.ru/vacancy/100558715,"['Деловая коммуникация', 'Работа в команде', 'B2B Продажи', 'B2C продажи', 'B2G продажи', 'Тендеры', 'Участие в Тендерах', 'Ведение переговоров', 'Телефонные переговоры', 'Навыки продаж', 'Поиск и привлечение клиентов']"
Программист C++,https://hh.ru/vacancy/102160807,"['1С программирование', '1С: Предприятие 8', 'Администрирование сетевого оборудования', '1С: Управление Торговлей', '1С: Комплексная автоматизация', '1С: Торговля и склад', 'Автоматизация', 'Контроль исправности оборудования', 'Подключение торгового оборудования к 1С', '1С: Розница', '1С: Предприятие: Розница', 'Администрирование', 'Обновление конфигурации 1С']"
Программист C++,https://hh.ru/vacancy/102131066,"['Обновление конфигурации 1С', '1С программирование', '1С: Предприятие 8', 'SQL', 'Техническая поддержка', 'Windows 7']"
Программист C++,https://hh.ru/vacancy/102131129,"['1С: Предприятие 8', 'Пользователь ПК', 'Знание 1С']"
Программист C++,https://hh.ru/vacancy/102381725,"['1С: Бухгалтерия', '1С: Управление Торговлей', 'Бухгалтерский учет', '1С программирование', 'Atlassian Jira', 'Web', 'Умение работать в условиях многозадачности']"
Программист C++,https://hh.ru/vacancy/93776070,['Системность']
Программист JavaScript,https://hh.ru/vacancy/102291041,"['JavaScript', 'Git', 'Vue.js', 'CSS', 'TypeScript', 'HTML5', 'Frontend', 'HTML/CSS', 'JS', 'CSS3', 'Less', 'Sass']"
Программист JavaScript,https://hh.ru/vacancy/102306060,"['JavaScript', 'Vue.js', 'Блокчейн', 'Blockchain', 'NFT', 'Exchange', 'Cryptocurrency', 'DeFi', 'Swap', 'Bitcoin', 'Ethereum', 'Tokens', 'ERC-20', 'ERC-721', 'WebSocket', 'GraphQL', 'Web3', 'React', 'CSS3', 'Frontend', 'Sass', 'Vuex', 'VueJS', 'API']"
Программист JavaScript,https://hh.ru/vacancy/102083520,"['Node.js', 'React', 'PostgreSQL', 'MariaDB', 'TypeScript', 'Работа в команде']"
Программист JavaScript,https://hh.ru/vacancy/102127027,"['JavaScript', 'TypeScript', 'React.js', 'PostgreSQL', 'CI/CD', 'Docker', 'Node.js']"
Программист JavaScript,https://hh.ru/vacancy/102127449,"['JavaScript', 'TypeScript', 'React.js']"
Программист JavaScript,https://hh.ru/vacancy/102380523,"['Node.js', 'VueJS', 'Docker', 'MongoDB']"
Программист JavaScript,https://hh.ru/vacancy/102378440,"['TypeScript', 'Node.js', 'PostgreSQL', 'Clickhouse', 'RabbitMQ', 'Docker', 'Kubernetes']"
Программист JavaScript,https://hh.ru/vacancy/102378387,"['Node.js', 'SQL', 'Git']"
Программист Kotlin,https://hh.ru/vacancy/102377904,"['Java', 'REST', 'Kubernetes', 'Kafka', 'PostgreSQL', 'Kotlin', 'Spring Framework', 'Docker']"
Программист Kotlin,https://hh.ru/vacancy/101730378,"['Kotlin', 'Flutter', 'Dart', 'Core ML']"
Программист Kotlin,https://hh.ru/vacancy/100101267,"['Java', 'Kotlin', 'Linux', 'PostgreSQL', 'Spring Framework', 'Английский язык', 'Spring Boot', 'СУБД', 'Git']"
Программист Kotlin,https://hh.ru/vacancy/92252288,"['Java', 'PostgreSQL', 'SQL', 'Git', 'Java SE']"
Программист Kotlin,https://hh.ru/vacancy/98224835,"['Kotlin', 'Git', 'Android', 'Английский язык', 'C++', 'OpenGL', 'Swift']"
Программист Kotlin,https://hh.ru/vacancy/102382603,"['Flutter', 'Kotlin']"
Программист Kotlin,https://hh.ru/vacancy/100337559,"['Kotlin', 'Java', 'SQL', 'Разработка ПО', 'Docker', 'PostgreSQL']"
Программист Kotlin,https://hh.ru/vacancy/101732105,"['JavaScript', 'TypeScript', 'React', 'React Native', 'HTML', 'CSS', 'Node.js', 'GraphQL', 'API', 'MySQL', 'Vue.js', 'Apollo', 'Webpack', 'Адаптивная верстка']"
Программист Kotlin,https://hh.ru/vacancy/102303905,"['Kotlin', 'Java']"
BI разработчик,https://hh.ru/vacancy/89305950,"['PL+', 'PL/SQL', 'SQL', 'ORACLE', 'Java SE', 'Java EE']"
BI разработчик,https://hh.ru/vacancy/101955145,"['SQL', 'Qlik']"
BI разработчик,https://hh.ru/vacancy/102345658,"['SQL', 'Power BI']"
BI разработчик,https://hh.ru/vacancy/101921841,"['SQL', 'Qlik Sense', 'QlikView']"
BI разработчик,https://hh.ru/vacancy/100309667,"['SQL', 'Git', 'ORACLE']"
BI разработчик,https://hh.ru/vacancy/102364593,"['Power BI', 'Английский язык', 'Разработка технических заданий']"
BI разработчик,https://hh.ru/vacancy/102126371,"['Бизнес-анализ', 'Аналитические исследования', 'Power BI', 'MS Power BI', 'Работа с большим объемом информации']"
BI разработчик,https://hh.ru/vacancy/102365952,"['Python', 'SQL', 'SAP BI', 'ETL', 'MS Visio', 'Форсайт', 'PL/SQL', 'Arenadata']"
BI разработчик,https://hh.ru/vacancy/102351135,"['SQL', 'Tableau', 'Английский язык', 'Cognos BI', 'Моделирование бизнес процессов', 'Cognos', 'BI', 'Анализ данных', 'Business Intelligence Systems', 'Data Analysis', 'Anaplan', 'Управленческая отчетность', 'Бюджетирование', 'Optimacros']"
Intelligent Systems Developer,https://hh.ru/vacancy/102102758,"['GO', 'C++', 'Spark', 'Kafka']"
Intelligent Systems Developer,https://hh.ru/vacancy/102351135,"['SQL', 'Tableau', 'Английский язык', 'Cognos BI', 'Моделирование бизнес процессов', 'Cognos', 'BI', 'Анализ данных', 'Business Intelligence Systems', 'Data Analysis', 'Anaplan', 'Управленческая отчетность', 'Бюджетирование', 'Optimacros']"
Intelligent Systems Developer,https://hh.ru/vacancy/94512938,"['Business Intelligence Systems', 'SQL', 'Tableau', 'Работа с большими массивами данных', 'Анализ данных']"
Intelligent Systems Developer,https://hh.ru/vacancy/102226317,"['Ajax', 'JavaScript', 'React', 'Git', 'Gulp', 'Grunt']"
Intelligent Systems Developer,https://hh.ru/vacancy/82724356,"['Java', 'SQL', 'PostgreSQL']"
Intelligent Systems Developer,https://hh.ru/vacancy/82724403,"['Java', 'SQL', 'PostgreSQL']"
Intelligent Systems Developer,https://hh.ru/vacancy/102278255,"['.NET Framework', 'C#', '.NET Core', 'Git', 'ООП']"
Intelligent Systems Developer,https://hh.ru/vacancy/80786703,"['.NET Framework', 'C#', '.NET Core', 'Git', 'ООП']"
Intelligent Systems Developer,https://hh.ru/vacancy/102120305,"['Embedded systems', 'C/C++', 'API', 'CI/CD']"
Intelligent Systems Developer,https://hh.ru/vacancy/95820414,"['Обучение персонала', 'Обучение и развитие', 'Дистанционное обучение', 'Тренинги']"
Программист С,https://hh.ru/vacancy/93418074,"['1С программирование', 'MS SQL', 'Разработка технических заданий', 'Тестирование', 'Аналитическое мышление', 'Грамотная речь']"
Программист С,https://hh.ru/vacancy/100708832,"['C++', 'C/C++', 'Linux', 'STL']"
UX-дизайнер,https://hh.ru/vacancy/102208956,"['SQL', 'Python', 'Power BI', 'A/B тесты']"
UX-дизайнер,https://hh.ru/vacancy/100759355,"['Adobe Photoshop', 'Figma', 'Креативность', 'MS PowerPoint', 'Навыки презентации']"
UX-дизайнер,https://hh.ru/vacancy/100043548,"['UX', 'UI', 'Figma', 'Marvel', 'Adobe After Effects', 'Adobe Illustrator']"
UX-дизайнер,https://hh.ru/vacancy/98678562,"['UX', 'UI', 'Figma']"
UX-дизайнер,https://hh.ru/vacancy/102371348,"['UX', 'Adobe After Effect', 'Проектирование пользовательских интерфейсов', 'Дизайн', 'Web Design', 'Adobe Photoshop', 'Adobe Illustrator', 'Figma', 'Веб-дизайн']"
UX-дизайнер,https://hh.ru/vacancy/102115702,"['Web Design', 'UX', 'UI', 'Figma', 'Проектирование пользовательских интерфейсов', 'Дизайн интерфейсов']"
UX-дизайнер,https://hh.ru/vacancy/102115703,"['Web Design', 'UX', 'UI', 'Figma', 'Проектирование пользовательских интерфейсов', 'Дизайн интерфейсов']"
UX-дизайнер,https://hh.ru/vacancy/102115704,"['Web Design', 'UX', 'UI', 'Figma', 'Проектирование пользовательских интерфейсов', 'Дизайн интерфейсов']"
UX-аналитик,https://hh.ru/vacancy/101966938,"['Подбор персонала', 'Оценка персонала', 'Корпоративная культура', 'Адаптация персонала', 'проведение интервью', 'Корпоративная этика', 'Подбор сотрудников', 'Организация встреч']"
UX-аналитик,https://hh.ru/vacancy/95838715,"['Работа в команде', 'Грамотная речь', 'Работа с большим объемом информации', 'MS PowerPoint', 'Ответственный подход к работе', 'Аналитические способности', 'Математический склад ума']"
UX-аналитик,https://hh.ru/vacancy/102298181,"['Английский язык', 'Figma', 'InVision', 'Canva', 'Balsamiq', 'Python', 'UX', 'UI', 'Adobe Illustrator', 'Adobe Photoshop', 'Sketch', 'Google Analytics', 'Trello', 'HTML', 'JavaScript', 'CSS', 'Prototyping', 'Яндекс.Метрика', 'BPMN']"
UX-аналитик,https://hh.ru/vacancy/97428965,"['Аналитические исследования', 'Анализ данных', 'UX', 'Маркетинговые исследования']"
UX-аналитик,https://hh.ru/vacancy/102085256,"['UX', 'Веб-аналитика', 'Проектирование пользовательских интерфейсов', 'Тестирование пользовательского интерфейса', 'Управление командой']"
UX-аналитик,https://hh.ru/vacancy/100579406,"['UX', 'UI', 'Аналитические исследования', 'JTBD', 'CJM', 'Проектирование пользовательских интерфейсов']"
UX-аналитик,https://hh.ru/vacancy/100737102,"['SEO оптимизация', 'внешний аудит сайта', 'SEO', 'Составление семантического ядра', 'Внешняя оптимизация сайта', 'Внутренняя оптимизация сайта']"
UI-дизайнер,https://hh.ru/vacancy/101758810,"['UX', 'UI', 'Дизайн интерфейсов', 'Web-дизайн', 'Figma', 'Прототипирование', 'Проектирование пользовательских интерфейсов', 'Разработка концепции', 'Креативность', 'Навыки презентации', 'Английский язык', 'Тестирование пользовательского интерфейса']"
UI-дизайнер,https://hh.ru/vacancy/101756312,"['Figma', 'UI/UX', 'Design', 'Adobe Photoshop', 'Web-дизайн', 'Web Design', 'Дизайн интерфейсов', 'Веб-дизайн', 'Графический дизайн', 'Дизайн', 'Проектирование пользовательских интерфейсов', 'Adobe Illustrator', 'Креативность', 'SMM', 'Adobe Premier Pro', 'Обработка видео', 'Графические редакторы', 'Adobe After Effect']"
UI-дизайнер,https://hh.ru/vacancy/102374958,"['UX', 'UI', 'Web-дизайн', 'Adobe Photoshop', 'HTML5', 'Figma', 'Дизайн', 'HTML']"
UI-дизайнер,https://hh.ru/vacancy/102372775,"['UX', 'UI', 'Web Design', 'Графический дизайн', 'Figma', 'Прототипирование']"
UI-дизайнер,https://hh.ru/vacancy/101282850,"['UX', 'UI', 'Web Design', 'Web-дизайн', 'Figma', 'Miro']"
UI-дизайнер,https://hh.ru/vacancy/102365632,"['UI', 'UX', 'UX-исследования', 'Figma', 'Проектирование пользовательских интерфейсов', 'CRM']"
UI-дизайнер,https://hh.ru/vacancy/101965137,"['Коммуникабельность', 'Ориентация на результат', 'Ответственность', 'Работа в команде', 'Работа с большим объемом информации', 'Творческое мышление']"
Инженер-программист,https://hh.ru/vacancy/102392825,"['SQL', 'Разработка инструкций', 'MS Access', 'Многозадачность', 'Организация рабочего процесса']"
Инженер-программист,https://hh.ru/vacancy/101640386,"['JavaScript', 'SQL', 'СУБД']"
Инженер-программист,https://hh.ru/vacancy/100084835,"['Проектно-конструкторская деятельность', 'Unigraphics NX', 'Технология производства']"
Инженер-программист,https://hh.ru/vacancy/99048510,"['MS Access', 'MS SQL Server', 'MS SQL', '1С: Зарплата и кадры']"
Инженер-программист,https://hh.ru/vacancy/86308279,"['1С: Предприятие 8', '1С программирование', '1C: Предприятие', 'Умение проявлять гибкость']"
Аналитик,https://hh.ru/vacancy/102388359,"['MS Excel', 'Business English', 'Negotiation skills', 'Financial Analysis']"
Аналитик,https://hh.ru/vacancy/101372665,"['Работа с большим объемом информации', 'Коммуникабельность', 'Аналитика продаж', 'Конкурентная аналитика']"
Аналитик,https://hh.ru/vacancy/101969009,['Самостоятельность']
Аналитик,https://hh.ru/vacancy/102133763,"['Системность', 'Аналитические навыки', 'Работа с большим объемом информации', 'Веб-аналитика']"
Тестировщик мобильных приложений,https://hh.ru/vacancy/101273239,"['Тестирование', 'Atlassian Jira']"
Тестировщик мобильных приложений,https://hh.ru/vacancy/93759464,"['SQL', 'API', 'Тестирование пользовательского интерфейса', 'Тестирование', 'Test case']"
Тестировщик мобильных приложений,https://hh.ru/vacancy/97999852,"['Удаленная работа', 'Тестирование пользовательского интерфейса', 'Грамотность', 'Уверенный пользователь ПК', 'Android', 'iOS', 'Мобильные приложения']"
Тестировщик мобильных приложений,https://hh.ru/vacancy/98000024,"['Удаленная работа', 'Тестирование пользовательского интерфейса', 'Грамотность', 'Уверенный пользователь ПК', 'Android', 'iOS', 'Мобильные приложения']"
Тестировщик мобильных приложений,https://hh.ru/vacancy/102111227,"['Тестирование', 'SQL', 'Jira', 'Git', 'Регрессионное тестирование', 'Linux']"
Тестировщик мобильных приложений,https://hh.ru/vacancy/102359920,"['SQL', 'Postman', 'Git', 'API', 'REST', 'Scrum', 'SOAP', 'Тестирование']"
Тестировщик мобильных приложений,https://hh.ru/vacancy/102382417,"['QA', 'Функциональное тестирование', 'Тестирование', 'Ручное тестирование', 'Postman']"
Системный аналитик,https://hh.ru/vacancy/98490847,"['ORACLE', 'СУБД', 'SQL', 'API', 'SOAP', 'REST', 'XML', 'JSON API', 'UML', 'BPMN']"
Системный аналитик,https://hh.ru/vacancy/102392641,"['Системное мышление', 'Моделирование бизнес процессов', 'Системный анализ', '1С', 'Scrum', 'Бизнес-анализ', 'Разработка технических заданий']"
Системный аналитик,https://hh.ru/vacancy/102383009,"['аналитика', 'Анализ бизнес-процессов', 'Анализ бизнес показателей', 'BPMN', 'Atlassian Jira']"
Системный аналитик,https://hh.ru/vacancy/99079987,"['MS Excel', 'Работа с системами аналитики', 'Бизнес-планирование', 'Моделирование бизнес процессов', 'Бюджетирование', 'Финансовое планирование', 'Бизнес-моделирование', 'Power BI', 'PostgreSQL', 'MySQL', 'Системный анализ', 'Аналитический склад ума', 'Анализ данных']"
Системный аналитик,https://hh.ru/vacancy/102381721,"['UML', 'Agile Project Management', 'SQL', 'XML', 'SOAP', 'BPMN', 'REST']"
Продуктовый аналитик,https://hh.ru/vacancy/102208956,"['SQL', 'Python', 'Power BI', 'A/B тесты']"
Продуктовый аналитик,https://hh.ru/vacancy/102294092,"['Планирование маркетинговых кампаний', 'Маркетинговое планирование', 'Планирование рекламных кампаний']"
Продуктовый аналитик,https://hh.ru/vacancy/101331417,"['Финансовый анализ', 'Финансовая отчетность', 'Аналитическое мышление', 'Анализ данных', 'Формирование управленческой отчетности', 'MS Power BI', 'Работа с большим объемом информации']"
Продуктовый аналитик,https://hh.ru/vacancy/102208727,"['A/B тесты', 'Python', 'SQL', 'Математическая статистика']"
Продуктовый аналитик,https://hh.ru/vacancy/102207160,['Java']
Продуктовый аналитик,https://hh.ru/vacancy/101629562,"['Региональное развитие', 'Логистика']"
Go-разработчик,https://hh.ru/vacancy/100077533,"['PHP', 'Symfony', 'PostgreSQL']"
Go-разработчик,https://hh.ru/vacancy/95846246,"['ООП', 'MS Access', 'Beta-тестирования', 'PostgreSQL', 'Unit Testing', 'RabbitMQ']"
Go-разработчик,https://hh.ru/vacancy/100090800,"['Go', 'Lua', 'Redis', 'Nginx']"
Go-разработчик,https://hh.ru/vacancy/101943744,"['Golang', 'SQL']"
Go-разработчик,https://hh.ru/vacancy/101628299,['Golang']
Go-разработчик,https://hh.ru/vacancy/102346434,"['PHP', 'Golang']"
Go-разработчик,https://hh.ru/vacancy/101325760,"['SQL', 'PostgreSQL', 'Kafka', 'Golang', 'RabbitMQ', 'Redis', 'Nats']"
DevOps-инженер,https://hh.ru/vacancy/102379165,"['DevOps', 'Linux', 'Администрирование серверов Linux', 'VMware', 'Hyper-V', 'KVM', 'Docker', 'Bash', 'Gitlab', 'Virtualization']"
DevOps-инженер,https://hh.ru/vacancy/72235907,"['Linux', 'Bash', 'Python', 'Ruby', 'Nginx']"
DevOps-инженер,https://hh.ru/vacancy/101756659,"['DevOps', 'Kubernetes', 'Terraform', 'Docker', 'MikroTik', 'VMware', 'Gitlab']"
DevOps-инженер,https://hh.ru/vacancy/100098513,"['System Analysis', 'Business English', 'Atlassian Jira', 'Atlassian Confluence', 'Miro', 'Learning & Development', 'Business Process Management']"
Data Engineer,https://hh.ru/vacancy/102102758,"['GO', 'C++', 'Spark', 'Kafka']"
Data Engineer,https://hh.ru/vacancy/102389516,"['ETL', 'SQL', 'Java']"
Data Engineer,https://hh.ru/vacancy/100515900,"['Python', 'Pandas', 'MySQL', 'PostgreSQL', 'ClickHouse', 'ETL', 'Jenkins', 'Airflow']"
Data Engineer,https://hh.ru/vacancy/102380760,"['Python', 'SQL', 'A/B тесты', 'Clickhouse', 'MySQL']"
Data Engineer,https://hh.ru/vacancy/101765041,"['Airflow', 'DBT', 'Clickhouse']"
Data Engineer,https://hh.ru/vacancy/102373373,"['SQL', 'Apache Airflow', 'ORACLE', 'Greenplum', 'PostgreSQL', 'Power BI', 'OLAP']"
Data Engineer,https://hh.ru/vacancy/101749344,"['Python', 'DWH', 'MS SQL']"
Big Data Analyst,https://hh.ru/vacancy/100077910,"['Python', 'SQL', 'Обучение и развитие', 'Data Mining', 'Английский язык', 'Бизнес-анализ', 'Аналитика', 'MS SQL', 'Data Analysis', 'Linux', 'Data Scientist', 'QlikView', 'Статистический анализ', 'Big Data', 'DataLens', 'Hadoop', 'Spark', 'PostgreSQL']"
Big Data Analyst,https://hh.ru/vacancy/99937146,"['Python', 'SQL', 'MS Office', 'Power BI', 'Tableau', 'Data Analysis', 'Big Data']"
Big Data Analyst,https://hh.ru/vacancy/102260827,"['SQL', 'Python', 'Big Data', 'Математическая статистика', 'A/B тесты', 'Apache Spark', 'Tableau']"
Big Data Analyst,https://hh.ru/vacancy/91375242,"['Python', 'SQL', 'Антифрод', 'A/B тесты', 'Power BI', 'Tableau']"
Big Data Analyst,https://hh.ru/vacancy/102302254,"['PostgreSQL', 'Flash MySQL', 'NoSQL', 'Analytical skills', 'Big Data', 'Business English', 'Анализ данных', 'Аналитическое мышление', 'Умение работать в коллективе', 'Работа с большим объемом информации']"
Big Data Analyst,https://hh.ru/vacancy/101854659,"['исполнение поручений руководителя', 'Аналитическое мышление', 'Работа с большим объемом информации', 'Анализ данных', 'Аналитические исследования']"
Big Data Analyst,https://hh.ru/vacancy/100379463,"['MS SQL', 'Project Documentation', 'Business intelligence', 'BPMN']"
Fullstack-разработчик на PHP,https://hh.ru/vacancy/101730090,"['SQL', 'PHP', 'Docker', 'API', 'REST', 'Yii', 'Symfony', 'Laravel', 'Git', 'Sass', 'SCSS', 'Less', 'SOLID']"
Fullstack-разработчик на PHP,https://hh.ru/vacancy/101973719,"['PHP', 'MySQL', 'Python']"
Fullstack-разработчик на PHP,https://hh.ru/vacancy/102329839,"['PHP', 'PostgreSQL', 'Битрикс24', 'CRM']"
Fullstack-разработчик на PHP,https://hh.ru/vacancy/102358474,"['Git', 'MySQL', 'ООП', 'Nginx', 'PHP', 'PostgreSQL', 'MongoDB', 'HTML5', 'Docker', 'Vue', 'Redis', 'Node.js', 'JavaScript']"
Fullstack-разработчик на PHP,https://hh.ru/vacancy/85888986,"['1С-Битрикс', 'jQuery', 'Bootstrap', 'HTML', 'CSS', 'MySQL', 'PHP', 'Git', 'Веб-программирование', 'API', 'Интеграция']"
Fullstack-разработчик на PHP,https://hh.ru/vacancy/98471920,"['Zend Framework', 'PHP', 'JavaScript', 'MySQL', 'Redis']"
Fullstack-разработчик на PHP,https://hh.ru/vacancy/101335320,"['PHP', 'Yii']"
Fullstack-разработчик на PHP,https://hh.ru/vacancy/102277181,"['Angular', 'Laravel']"
Fullstack-разработчик на PHP,https://hh.ru/vacancy/101955790,"['JavaScript', 'ООП', 'MySQL', 'Git', 'PHP', 'Laravel', 'VueJS', 'Docker']"
Fullstack-разработчик на JavaScript,https://hh.ru/vacancy/102127027,"['JavaScript', 'TypeScript', 'React.js', 'PostgreSQL', 'CI/CD', 'Docker', 'Node.js']"
Fullstack-разработчик на JavaScript,https://hh.ru/vacancy/102358474,"['Git', 'MySQL', 'ООП', 'Nginx', 'PHP', 'PostgreSQL', 'MongoDB', 'HTML5', 'Docker', 'Vue', 'Redis', 'Node.js', 'JavaScript']"
Fullstack-разработчик на JavaScript,https://hh.ru/vacancy/95986850,"['JavaScript', 'Vue.js', 'Node.js', 'HTML', 'CSS', 'Docker', 'Jenkins', 'TCP/IP']"
Fullstack-разработчик на JavaScript,https://hh.ru/vacancy/101939486,"['Node.js', 'REST API', 'Web Socket', 'PostgreSQL', 'Redis', 'Bash', 'Docker', 'Docker-compose', 'Angular', 'TypeScript', 'Cryptocurrency', 'Git']"
Fullstack-разработчик на JavaScript,https://hh.ru/vacancy/102123436,"['PHP', 'Laravel', 'VueJS', 'SaaS', 'Git', 'Английский', 'Bitbucket', 'Docker']"
Fullstack-разработчик на JavaScript,https://hh.ru/vacancy/99735012,"['Python', 'JavaScript', 'Django Framework', 'PostgreSQL', 'React', 'Redux', 'TypeScript']"
Fullstack-разработчик на JavaScript,https://hh.ru/vacancy/102335371,"['JavaScript', 'Redis', 'TypeScript', 'Docker', 'nest.js', 'Работа с большим объемом информации', 'Умение работать в коллективе', 'Tailwind']"
Fullstack-разработчик на JavaScript,https://hh.ru/vacancy/95720518,"['C#', 'ASP.NET', 'MVC', 'JavaScript', 'jQuery', 'MS SQL', 'HTML5', 'CSS3', 'Git']"
Разработчик чат-ботов,https://hh.ru/vacancy/100754077,"['C++', 'С#', 'MS Visual Studio', 'VBA', 'Renga', 'Revit', 'AutoCAD', 'nanoCAD', 'ASP.NET Core', '.NET Core', 'Draw.io', 'Qt', 'Rust']"
Разработчик чат-ботов,https://hh.ru/vacancy/96121786,"['PostgreSQL', 'MS SQL', 'ASP.NET', 'C#', 'HTTP', 'TCP/IP']"
Разработчик чат-ботов,https://hh.ru/vacancy/96121787,"['PostgreSQL', 'MS SQL', 'ASP.NET', 'C#', 'HTTP', 'TCP/IP']"
Разработчик чат-ботов,https://hh.ru/vacancy/96121788,"['PostgreSQL', 'MS SQL', 'ASP.NET', 'C#', 'HTTP', 'TCP/IP']"
Разработчик чат-ботов,https://hh.ru/vacancy/102360999,"['Python', 'RabbitMQ', 'Linux', 'Redis', 'Git', 'Docker', 'Django Framework', 'PostgreSQL', 'Celery', 'REST', 'React']"
Разработчик чат-ботов,https://hh.ru/vacancy/102099120,"['Python', 'SQL', 'Linux']"
Разработчик чат-ботов,https://hh.ru/vacancy/99746511,"['PHP', 'MongoDB', 'CMS Wordpress', 'RabbitMQ', 'MySQL', 'PostgreSQL', 'Docker', 'Backend']"
Разработчик чат-ботов,https://hh.ru/vacancy/102159568,"['Коммуникация', 'Пользователь ПК', 'Ориентация на результат', 'Умение проявлять гибкость', 'Работа в команде', 'Креативность', 'MS Excel', 'Поиск информации в интернет', 'Английский язык']"
Разработчик чат-ботов,https://hh.ru/vacancy/101335795,"['Грамотность', 'Аналитическое мышление', 'Git', 'ООП', 'NLP', 'Ориентация на результат']"
Разработчик на Unity,https://hh.ru/vacancy/94231189,"['Unity', 'C#']"
Разработчик на Unity,https://hh.ru/vacancy/101559246,"['Unity', 'C#', '.NET Core']"
Разработчик на Unity,https://hh.ru/vacancy/98099869,"['Unity', 'VR', 'AR', 'Анимация', '3D-графика']"
Разработчик на Unity,https://hh.ru/vacancy/100691766,"['C#', 'Unity', '3D-графика', 'SOLID', 'C++', 'Unreal Engine']"
Разработчик на Unity,https://hh.ru/vacancy/101898920,"['Unity', 'Верстка', 'CSS', 'HTML']"
Разработчик на Unity,https://hh.ru/vacancy/102101091,"['C#', 'Unity', 'Game Programming']"
Разработчик на Unity,https://hh.ru/vacancy/102339333,"['Unity', 'C#']"
Разработчик на Unity,https://hh.ru/vacancy/101913083,"['Unity', 'C#', 'Optimization']"
QA Automation Engineer,https://hh.ru/vacancy/102382428,"['С#', '.NET Core', 'автоматизация тестирования', 'Jenkins', 'Docker', 'PostgreSQL', 'ELK', 'Selenium', 'Gitlab', 'Gherkin']"
QA Automation Engineer,https://hh.ru/vacancy/96124788,"['Atlassian Jira', 'Jenkins', 'QA', 'Работа в команде', 'Автотесты', 'ручное тестирование', 'Тестирование', 'JavaScript']"
QA Automation Engineer,https://hh.ru/vacancy/98366567,"['QA', 'Python']"
QA Automation Engineer,https://hh.ru/vacancy/102381642,"['Git', 'SQL', 'REST', 'API', 'Pytest']"
QA Automation Engineer,https://hh.ru/vacancy/100397967,"['Java', 'REST', 'QA', 'SOAP', 'SQL', 'Jenkins', 'Docker', 'SoapUI', 'TestNG', 'Selenide']"
QA Automation Engineer,https://hh.ru/vacancy/81041539,"['Linux', 'Postman', 'Python', 'MongoDB']"
QA Automation Engineer,https://hh.ru/vacancy/102117715,"['QA', 'Тестирование', 'Python']"
Аналитик мобильных приложений,https://hh.ru/vacancy/101363974,"['SQL', 'Анализ данных']"
Аналитик мобильных приложений,https://hh.ru/vacancy/102380354,"['SQL', 'Python']"
Аналитик мобильных приложений,https://hh.ru/vacancy/101505219,"['Figma', 'Adobe Photoshop', 'UI', 'UX', 'Тестирование пользовательского интерфейса', 'Design', 'Проектирование пользовательских интерфейсов', 'Дизайн', 'Principle', 'JTBD', 'CJM']"
UX-исследователь,https://hh.ru/vacancy/102208956,"['SQL', 'Python', 'Power BI', 'A/B тесты']"
UX-исследователь,https://hh.ru/vacancy/101473446,['Навыки презентации']
UX-исследователь,https://hh.ru/vacancy/102371288,['UX']
UX-исследователь,https://hh.ru/vacancy/100056312,"['Английский язык', 'UX']"
UX-исследователь,https://hh.ru/vacancy/102338827,"['SPSS', 'Statistica', 'Figma', 'Jira']"
UX-исследователь,https://hh.ru/vacancy/102130065,"['Аналитический склад ума', 'MS Excel', 'MS PowerPoint', 'Ответственность', 'Проактивность', 'Грамотная речь', 'Английский язык', 'UX', 'Работа с большим объемом информации', 'Работа в команде', 'Грамотность', 'Исследования рынка', 'Figma']"
UX-исследователь,https://hh.ru/vacancy/100372427,"['UX', 'Аналитическое мышление', 'Аналитические исследования', 'Работа с большим объемом информации', 'Сбор и анализ информации', 'Оценка потребностей клиентов', 'Разработка нового продукта']"
UX-исследователь,https://hh.ru/vacancy/99944702,"['UX', 'Interviews', 'Проведение опросов клиентов', 'Usability', 'A/B тесты', 'B2C исследования', 'b2b исследования', 'Навыки презентации']"
Специалист по кибербезопасности,https://hh.ru/vacancy/102062561,"['Безопасность', 'Информационные технологии', 'Информационная безопасность', 'Технические средства информационной защиты']"
Специалист по кибербезопасности,https://hh.ru/vacancy/102379619,"['Информационная безопасность', 'Технические средства информационной защиты', 'Внедрение систем информационной безопасности']"
Специалист по кибербезопасности,https://hh.ru/vacancy/102336842,"['Linux', 'CheckPoint', 'Fortinet', 'S-Terra', 'Windows Os']"
Специалист по кибербезопасности,https://hh.ru/vacancy/102369747,"['Написание текстов', 'Копирайтинг', 'Написание статей', 'Редактирование текстов', 'Интервьюирование', 'Наполнение контентом']"
Специалист по кибербезопасности,https://hh.ru/vacancy/102349766,"['Информационная безопасность', 'Информационные технологии', 'Английский язык', 'Организаторские навыки', 'Linux']"
Разработчик на Unreal Engine,https://hh.ru/vacancy/102131805,"['C++', 'Qt', 'ООП', 'MS SQL', 'Git', 'QML', 'UE4', 'UE', 'Unreal Engine']"
Разработчик на Unreal Engine,https://hh.ru/vacancy/101342482,"['Unreal Engine', 'C/C++']"
Разработчик на Unreal Engine,https://hh.ru/vacancy/100042206,"['Python', 'Linux', 'Креативность', 'C/C++', 'AVR', 'Английский язык']"
Разработчик на Unreal Engine,https://hh.ru/vacancy/102365499,['Unreal Engine']
Разработчик на Unreal Engine,https://hh.ru/vacancy/101527714,['Разработка компьютерных Игр']
Разработчик нейросетей ,https://hh.ru/vacancy/101544400,"['Project management', 'Моделирование бизнес процессов', 'Организаторские навыки', 'Оптимизация бизнес-процессов', 'Управление проектами', 'Нейронные сети', 'Работа с большим объемом информации']"
Разработчик нейросетей ,https://hh.ru/vacancy/102200001,"['React', 'JavaScript', 'TypeScript', 'Start-up project', 'Веб-программирование']"
Разработчик нейросетей ,https://hh.ru/vacancy/102118828,"['ML', 'CV', 'Нейронные сети', 'Docker', 'k8s', 'Python', 'Логическое мышление', 'Анализ данных']"
Разработчик нейросетей ,https://hh.ru/vacancy/102352819,"['MySQL', 'PHP', 'Docker', 'Laravel', 'VueJS', 'Tailwind', 'API', 'REST API', 'Unit Testing', 'ООП', 'Работа с базами данных', 'Веб-программирование', 'Gitlab', 'Backend', 'Английский язык']"
Разработчик нейросетей ,https://hh.ru/vacancy/102352820,"['MySQL', 'PHP', 'Docker', 'Laravel', 'VueJS', 'Tailwind', 'API', 'REST API', 'Unit Testing', 'ООП', 'Работа с базами данных', 'Веб-программирование', 'Gitlab', 'Backend', 'Английский язык']"
Разработчик нейросетей ,https://hh.ru/vacancy/102365072,"['Python', 'Django', 'Unit Testing', 'Redis', 'PostgreSQL', 'Backend', 'Docker', 'Linux', 'FastAPI', 'Gitlab', 'Celery', 'pandas', 'REST API', 'Git', 'WebSockets']"
Разработчик нейросетей ,https://hh.ru/vacancy/102323929,"['Изобретательность', 'Инициативность']"
Разработчик нейросетей ,https://hh.ru/vacancy/101924977,['C/C++']
Разработчик на React Native ,https://hh.ru/vacancy/102306060,"['JavaScript', 'Vue.js', 'Блокчейн', 'Blockchain', 'NFT', 'Exchange', 'Cryptocurrency', 'DeFi', 'Swap', 'Bitcoin', 'Ethereum', 'Tokens', 'ERC-20', 'ERC-721', 'WebSocket', 'GraphQL', 'Web3', 'React', 'CSS3', 'Frontend', 'Sass', 'Vuex', 'VueJS', 'API']"
Разработчик на React Native ,https://hh.ru/vacancy/94714939,"['React Native', 'Git']"
Разработчик на React Native ,https://hh.ru/vacancy/100075193,"['JavaScript', 'TypeScript', 'React Native', 'React', 'Git', 'REST API']"
Разработчик на React Native ,https://hh.ru/vacancy/101247170,"['Redux', 'React', 'Git', 'JavaScript', 'Android', 'react native', 'typescript', 'MobX']"
Разработчик на React Native ,https://hh.ru/vacancy/102353598,"['React Native', 'MobX', 'TypeScript']"
Разработчик на React Native ,https://hh.ru/vacancy/100308149,"['React Native', 'Английский язык', 'TypeScript']"
Разработчик на React Native ,https://hh.ru/vacancy/102301638,"['React', 'React Native', 'Next.js', 'Node.js']"
Разработчик на React Native ,https://hh.ru/vacancy/102253367,"['React Native', 'Мобильные приложения', 'Удаленная работа']"
Разработчик на React Native ,https://hh.ru/vacancy/97335497,"['React', 'JavaScript', 'TypeScript']"
Node.js-разработчик,https://hh.ru/vacancy/102083520,"['Node.js', 'React', 'PostgreSQL', 'MariaDB', 'TypeScript', 'Работа в команде']"
Node.js-разработчик,https://hh.ru/vacancy/102127027,"['JavaScript', 'TypeScript', 'React.js', 'PostgreSQL', 'CI/CD', 'Docker', 'Node.js']"
Node.js-разработчик,https://hh.ru/vacancy/101925695,"['Node.js', 'MongoDB', 'RabbitMQ', 'PostgreSQL', 'Git', 'REST', 'JavaScript', 'WebSocket', 'API', 'REST API', 'JSON API', 'Английский язык', 'NestJS']"
Node.js-разработчик,https://hh.ru/vacancy/102173903,"['JavaScript', 'PostgreSQL', 'MySQL', 'Node.js', 'Express.js', 'Nest.js', 'Git']"
Node.js-разработчик,https://hh.ru/vacancy/100384271,"['Node.js', 'JavaScript', 'SQL', 'Docker', 'TypeScript', 'Kafka', 'Kubernetes']"
Node.js-разработчик,https://hh.ru/vacancy/102075543,['Node.js']
Node.js-разработчик,https://hh.ru/vacancy/102359081,"['Node.js', 'TypeScript', 'Docker', 'PostgreSQL', 'MySQL']"
Deep Learning Engineer,https://hh.ru/vacancy/97624647,"['C++', 'Python', 'PyTorch', 'Deep Learning', 'Computer Vision', 'Data Science']"
Deep Learning Engineer,https://hh.ru/vacancy/102353701,"['Machine Learning', 'Deep Learning']"
Deep Learning Engineer,https://hh.ru/vacancy/101757994,"['Python', 'SQL', 'Английский язык', 'ML', 'Машинное обучение', 'PySpark', 'Big Data']"
Deep Learning Engineer,https://hh.ru/vacancy/101335251,"['Python', 'Natural Language Processing', 'NLP', 'Big Data', 'Анализ данных', 'Математическая статистика', 'SQL', 'MongoDB', 'Machine Learning', 'AWS', 'Deep Learning']"
Deep Learning Engineer,https://hh.ru/vacancy/95509249,"['Python', 'OpenCV', 'PyTorch', 'Tensorflow', 'Английский язык']"
Deep Learning Engineer,https://hh.ru/vacancy/100400637,"['Python', 'Linux', 'SQL', 'AWS', 'Docker', 'Kubernetes', 'Bash', 'PostgreSQL', 'NoSQL', 'Redis', 'CI/CD', 'MongoDB', 'Nginx', 'FastAPI', 'MLFlow', 'API', 'GitHub', 'Английский язык']"
Deep Learning Engineer,https://hh.ru/vacancy/101962431,"['PyTorch', 'TensorFlow', 'Python', 'Английский язык', 'Deep Learning']"
Deep Learning Engineer,https://hh.ru/vacancy/102353721,"['Python', 'Deep Learning', 'Docker']"
Deep Learning Engineer,https://hh.ru/vacancy/97422373,"['PyTorch', 'Tensorflow', 'Deep Learning', 'Python', 'Linux', 'Git', 'Docker']"
Разработчик компьютерного зрения,https://hh.ru/vacancy/102359532,"['ETL', 'SSIS', 'MS SQL', 'DWH', 'C#', 'Transact-SQL']"
Разработчик компьютерного зрения,https://hh.ru/vacancy/101503463,"['обучение сотрудников', 'Нейронные сети', 'MS Office', 'Разработка инструкций', 'Усидчивость', 'Python', 'Работа с большим объемом информации', 'Computer Vision', 'Data Science', 'Data Mining', 'Машинное обучение', 'Big Data']"
Разработчик компьютерного зрения,https://hh.ru/vacancy/75561257,"['Qt', 'Linux', 'C++', 'STL', 'Git', 'Unix', 'Работа в команде', 'Математическое программирование', 'MATLAB', 'Математический анализ', 'Математическое моделирование', 'Информационные технологии', 'Разработка ПО', 'C/C++']"
Разработчик компьютерного зрения,https://hh.ru/vacancy/101708270,"['Git', 'C++', 'Qt', 'C/C++', 'GUI', 'CMake', 'Linux', 'STL', 'Разработка ПО', 'Английский язык', 'Машинное обучение']"
Разработчик компьютерного зрения,https://hh.ru/vacancy/101950244,"['C++', 'Git', 'Linux', 'Boost']"
Разработчик компьютерного зрения,https://hh.ru/vacancy/102378871,"['PHP', 'NoSQL', 'API']"
Разработчик компьютерного зрения,https://hh.ru/vacancy/102352236,"['ROS', 'Linux', 'Git', 'C++', 'Python', 'Робототехника', 'Computer Vision']"
Маркетолог,https://hh.ru/vacancy/102368570,"['Продвижение бренда', 'Аналитическое мышление', 'Организаторские навыки', 'Разработка маркетинговой стратегии', 'Таргетинг', 'Маркетинговая стратегия', 'Анализ данных', 'Маркетинговые исследования', 'Анализ рынка', 'SMM']"
Маркетолог,https://hh.ru/vacancy/102393860,"['Маркетинговые исследования', 'Планирование маркетинговых кампаний', 'Аналитическое мышление', 'Аналитические исследования', 'Анализ рынка', 'Анализ конкурентной среды', 'Организация мероприятий', 'Стратегический анализ', 'Развитие бренда', 'Интернет-реклама', 'Контекстная реклама', 'Производство рекламных материалов']"
Маркетолог,https://hh.ru/vacancy/102393293,"['Маркетинговое планирование', 'Продвижение бренда', 'Маркетинговые исследования', 'Деловая переписка', 'Деловая этика']"
Маркетолог,https://hh.ru/vacancy/100011752,"['Продвижение бренда', 'Маркетинговые исследования', 'Анализ конкурентной среды', 'Интернет-реклама', 'Разработка маркетинговой стратегии']"
Маркетолог,https://hh.ru/vacancy/100011753,"['Продвижение бренда', 'Маркетинговые исследования', 'Анализ конкурентной среды', 'Интернет-реклама', 'Разработка маркетинговой стратегии']"
Маркетолог,https://hh.ru/vacancy/100765068,"['Продвижение бренда', 'Маркетинговые исследования', 'Планирование маркетинговых кампаний', 'Маркетинговый анализ', 'Маркетинговые коммуникации', 'Маркетинговое планирование', 'Разработка маркетинговой стратегии', 'Планирование рекламных кампаний', 'Производство рекламных материалов', 'Вывод компании на рынок', 'Организаторские навыки', 'Производство рекламных роликов', 'Анализ рынка']"
Маркетолог,https://hh.ru/vacancy/100740881,"['Yandex Direct', 'Google AdWords', 'Планирование маркетинговых кампаний', 'Продвижение бренда', 'B2B маркетинг', 'B2C маркетинг', 'Производство рекламных материалов', 'Участие в профессиональных выставках', 'Лидогенерация', 'SMM', 'Маркетинговое планирование', 'Google Analytics', 'Digital Marketing', 'Разработка маркетинговой стратегии', 'Развитие продаж', 'Интернет-реклама', 'Маркетинговая стратегия', 'Google таблицы', 'Разработка стратегии продвижения продуктов', 'Таргетинг', 'B2C Marketing', 'Управление бюджетом', 'СРМ', 'Составление ТЗ', 'Продвижение в социальных сетях', 'Креативность', 'Многозадачность']"
Маркетолог,https://hh.ru/vacancy/102139693,"['Маркетинговые коммуникации', 'Internet Marketing', 'Маркетинг услуг', 'Организаторские навыки', 'Маркетинговый анализ', 'Маркетинговые исследования', 'Медиапланирование']"
SMM-специалист,https://hh.ru/vacancy/100905756,"['SMM', 'Копирайтинг', 'Социальные сети', 'Фотография', 'Вирусный маркетинг']"
SMM-специалист,https://hh.ru/vacancy/99548711,"['SMM', 'Social Media Marketing', 'Таргетинг', 'Написание текстов', 'Составление контент-плана', 'Креативность', 'Умение планировать', 'Деловая переписка', 'Наполнение контентом', 'Работа с блогерами', 'Организация мероприятий', 'Копирайтинг']"
SMM-специалист,https://hh.ru/vacancy/101755687,"['SMM', 'Ведение групп в социальных сетях', 'Копирайтинг', 'Наполнение контентом', 'Social Media Marketing', 'Журналистика', 'Креативность', 'Adobe Photoshop', 'Грамотная речь', 'Таргетинг', 'План продвижения']"
SMM-специалист,https://hh.ru/vacancy/101773930,"['SMM', 'Продвижение бренда', 'Развитие бренда', 'Продвижение в социальных сетях', 'Креативность', 'Контент', 'Составление контент-плана', 'Высокая энергичность', 'Работа в команде', 'Обработка фото', 'Написание текстов', 'Продвижение в социальных группах', 'Бренд-менеджмент', 'работа со статистикой', 'Графические редакторы', 'Социальные сети', 'Организация мероприятий']"
SMM-специалист,https://hh.ru/vacancy/102121908,"['SMM', 'Интернет-реклама', 'Социальные сети', 'Таргетинг', 'Digital Marketing', 'Аналитическое мышление', 'Аудит SMM', 'Social Media Marketing', 'Интернет маркетинг', 'Маркетинговая стратегия']"
SMM-специалист,https://hh.ru/vacancy/102369899,"['Копирайтинг', 'Социальные сети', 'Написание текстов', 'Продвижение бренда', 'Фотография', 'Продвижение мероприятий компании в социальных сетях', 'Аудит SMM', 'Планирование маркетинговых кампаний']"
